INSERT INTO songs (song_id, title, artist, genre) VALUES
('00000000-0000-0000-0000-000000000001', 'Fictional Song 1', 'Artist A', 'Pop'),
('00000000-0000-0000-0000-000000000002', 'Fictional Song 2', 'Artist B', 'Rock'),
('00000000-0000-0000-0000-000000000003', 'Fictional Song 3', 'Artist C', 'Jazz');

INSERT INTO chords (chord_id, chord_name, chord_type, chord_degree, chord_extension, chord_bass_note, chord_extra) VALUES
('00000000-0000-0000-0000-000000000001', 'C', 'Major', 'I', NULL, NULL, NULL),
('00000000-0000-0000-0000-000000000002', 'Dm', 'Minor', 'ii', NULL, NULL, NULL),
('00000000-0000-0000-0000-000000000003', 'G7', 'Dominant', 'V', '7', NULL, NULL);

INSERT INTO progressions (progression_id, song_id, progression_description) VALUES
('00000000-0000-0000-0000-000000000001', '00000000-0000-0000-0000-000000000001', 'Verse Progression'),
('00000000-0000-0000-0000-000000000002', '00000000-0000-0000-0000-000000000001', 'Chorus Progression'),
('00000000-0000-0000-0000-000000000003', '00000000-0000-0000-0000-000000000002', 'Bridge Progression');

INSERT INTO chord_progression_details (progression_id, chord_id, sequence_number, duration) VALUES
('00000000-0000-0000-0000-000000000001', '00000000-0000-0000-0000-000000000001', 1, 4),
('00000000-0000-0000-0000-000000000001', '00000000-0000-0000-0000-000000000002', 2, 4),
('00000000-0000-0000-0000-000000000001', '00000000-0000-0000-0000-000000000003', 3, 4),
('00000000-0000-0000-0000-000000000001', '00000000-0000-0000-0000-000000000001', 4, 4),
('00000000-0000-0000-0000-000000000002', '00000000-0000-0000-0000-000000000001', 1, 4),
('00000000-0000-0000-0000-000000000002', '00000000-0000-0000-0000-000000000002', 2, 4),
('00000000-0000-0000-0000-000000000002', '00000000-0000-0000-0000-000000000003', 3, 4),
('00000000-0000-0000-0000-000000000002', '00000000-0000-0000-0000-000000000001', 4, 4),
('00000000-0000-0000-0000-000000000003', '00000000-0000-0000-0000-000000000001', 1, 4),
('00000000-0000-0000-0000-000000000003', '00000000-0000-0000-0000-000000000002', 2, 4);
